Training Loss,Validation Loss
0.008820000104606152,0.7004
0.008979999460279942,0.716
0.009339999407529831,0.725
0.008979999460279942,0.7582
0.008499999530613422,0.7565
0.009139999747276306,0.7591
