Training Loss,Validation Loss
0.46289998292922974,0.5668
0.6490799784660339,0.6875
0.6800000071525574,0.7115
0.7055599689483643,0.7235
0.7086399793624878,0.7264
