Training Loss,Validation Loss
0.7158199548721313,0.708
0.7562800049781799,0.7679
0.764739990234375,0.7675
