Training Loss,Validation Loss
0.1448799967765808,0.2219
0.26339998841285706,0.2885
