Training Loss,Validation Loss
0.455159991979599,0.5684
0.6327999830245972,0.6616
0.6604200005531311,0.6897
0.6867600083351135,0.7072
0.6916599869728088,0.7108
