Training Loss,Validation Loss
0.31647998094558716,0.5683
0.34035998582839966,0.6893
