Training Loss,Validation Loss
0.011539999395608902,0.3557
0.012559999711811543,0.3632
0.011799999512732029,0.369
