Training Loss,Validation Loss
0.44143998622894287,0.5505
0.5841799974441528,0.6188
