Training Loss,Validation Loss
0.1588599979877472,0.2518
0.3176400065422058,0.3593
