Training Loss,Validation Loss
0.009739999659359455,0.4252
0.009440000168979168,0.5338
