Training Loss,Validation Loss
0.009440000168979168,0.7461
0.00953999999910593,0.6976
0.009499999694526196,0.7573
0.009499999694526196,0.7912
0.008979999460279942,0.7892
