Training Loss,Validation Loss
0.010999999940395355,0.3238
0.010599999688565731,0.3232
