Training Loss,Validation Loss
0.011500000022351742,0.2283
0.010919999331235886,0.2328
0.010799999348819256,0.2342
