Training Loss,Validation Loss
0.7136600017547607,0.7184
0.7540000081062317,0.7634
0.7625399827957153,0.7638
