Training Loss,Validation Loss
0.094760000705719,0.6465
0.09442000091075897,0.6813
0.09489999711513519,0.6863
0.0999399945139885,0.7697
0.10165999829769135,0.7734
0.10356000065803528,0.7775
