Training Loss,Validation Loss
0.2542400062084198,0.314
0.32663998007774353,0.3469
