Training Loss,Validation Loss
0.011260000057518482,0.3619
0.012139999307692051,0.3716
0.011919999495148659,0.3758
