Training Loss,Validation Loss
0.010999999940395355,0.2313
0.010499999858438969,0.2351
0.010739999823272228,0.2394
